Products:;Products:Magyar;;Products:Tesco;;Products:Spar
APRICOT 10*500GR;Sárgabarack 10*500;;Fürtös Paradicsom 5kg;;Áfonya 12*125
APRICOT LOOSE ;Sárgabarack;;Fürtös Uborka 5kg;;Áfonya 15*500
APRICOT LOOSE 5KG;Sárgabarack 5kg;;Kalif Piros 5kg;;Bio Citrom 10*500
APRICOT LOOSE 5KG (PLASTIC);Sárgabarack 5kg PL;;Kalif Trikolor 9*500;;Bio Citrom 7kg
APRICOT LOOSE 6KG;Sárgabarack 6kg;;Kígyóuborka 36db;;Bio Cukkini 6*500
APRICOT LOOSE B 5KG;Sárgabarack 5kg B;;Koktél 9*250;;Bio Fehér sz?l? 4*500
APRICOT LOOSE II;Sárgabarack II;;Koktél Szilva 9*250;;Bio Fürtös Paradicsom 6*500
APRICOT LOOSE PL;Sárgabarack PL;;Palermo 10*500;;Bio Kalif Mix 6*400
ASPARRAGUS;Spárga;;Palermo 5kg;;Bio Kígyóuborka 12db
AUBERGINE ;Padlizsán ;;Pear Paradicsom 10*500;;Bio Koktél 9*250
AUBERGINE (PLASTIC);Padlizsán PL;;Tv Paprika 5kg;;Bio Mandarin 10*750
AUBERGINE 11KG;Padlizsán 11kg;;Padlizsán 5kg;;Bio Narancs 10*1kg
AUBERGINE 5KG;Padlizsán 5kg;;Cukkini 5kg;;Bio Narancs 7kg
AUBERGINE I ;Padlizsán I;;;;Bio Nektarin 3kg
AUBERGINE I (PLASTIC);Padlizsán I PL;;;;Bio ?szibarack 3kg
AUBERGINE I 5KG;Padlizsán I 5kg;;;;Bio Padlizsán 8*300
AUBERGINE I M;Padlizsán I M;;;;Bio Paradicsom 6*500
AUBERGINE II;Padlizsán II;;;;Bio Piros Sz?l? 4*500
AUBERGINE STD;Padlizsán STD;;;;Brokkoli 10*500
AUBERGINE STD (PLASTIC);Padlizsán STD PL;;;;Citrom 10*400
AVOCADO;Avokádó ;;;;Citrom 14*750
AVOCADO 12PZS;Avokádó 12db;;;;Citrom 20*500
AVOCADO 14PZS;Avokádó 14db;;;;Citrom 9kg
AVOCADO 18PZS;Avokádó 18db;;;;Cukkini 5kg
BEAN;Bab;;;;Eper 10*500
BILEK;BILEK;;;;Eper 1kg
BIO CAPSICUM PALERMO;Bio Palermo ;;;;Eper 8*250
BIO CAPSICUM PALERMO I;Bio Palermo I;;;;Fekete Sz?l? 10*400
BIO CAPSICUM PALERMO PACKAGE 12*300GR;Bio Palermo 12*300;;;;Gália 7db
BIO CAPSICUM PALERMO STD;Bio Palermo STD ;;;;Grapefruit 14kg
BIO COURGETTE ;Bio Cukkini;;;;Jégsaláta 10db
BIO COURGETTE 8*500GR;Bio Cukkini 8*500;;;;Kalif Trikolor 10*500
BIO COURGETTE I M;Bio Cukkini I M;;;;Karfiol 6db
BIO COURGETTE STD;Bio Cukkini STD;;;;Kígyóuborka 14db
BIO CUCUMBER DUTCH II 10KG ;Bio Kígyóuborka II 10kg;;;;Koktél Tri-mix 10*300
BIO MANDARIN 10*500GR ;Bio Mandarin 10*500;;;;Körte 7kg
BIO MANGO 12PZS;Bio Mangó 12db;;;;Laposbarack 5kg
BIO TOM. CHERRY PEAR PACKAGE 12*250GR;Bio Koktél Szilva 12*250;;;;Laposbarack 5kg (A 67/73)
BIO TOM. CHERRY PEAR PACKAGE 9*250GR;Bio Koktél 9*250;;;;Laposbarack 5kg (AA 73/80)
BLUEBERRY;Áfonya ;;;;Laposbarack 5kg (AAA 80/90)
BLUEBERRY 12*125GR;Áfonya 12*125;;;;Málna 12*125
CAPSICUM CAL. BICOLOR 10*500GR ;Kalif Bikolor 10*500;;;;Mandarin 10*800
CAPSICUM CAL. BICOLOR 6*500GR (IFCO);Kalif Bikolor 6*500 (IFCO);;;;Mandarin 2,3kg
CAPSICUM CAL. GREEN;Kalif Zöld;;;;Mandarin 20*1kg
CAPSICUM CAL. GREEN I;Kalif Zöld I;;;;Mandarin 8*1,5kg
CAPSICUM CAL. GREEN I GG;Kalif Zöld I GG;;;;Mandarin 9*1kg
CAPSICUM CAL. GREEN I M;Kalif Zöld I M;;;;Nektarin 10*1kg
CAPSICUM CAL. GREEN II;Kalif Zöld II;;;;Nektarin 10*1kg (fehér)
CAPSICUM CAL. GREEN II (PLASTIC);Kalif Zöld II PL;;;;Nektarin 10*1kg (sárga)
CAPSICUM CAL. GREEN STD;Kalif Zöld STD;;;;Nektarin 10*1kg (sárga)
CAPSICUM CAL. ORANGE STD;Kalif Narancs STD;;;;Nektarin 7kg
CAPSICUM CAL. RED ;Kalif Piros;;;;Nektarin 7kg (A 67/73)
CAPSICUM CAL. RED 16*500GR;Kalif Piros 16*500;;;;Nektarin 7kg (B 61/67)
CAPSICUM CAL. RED GG;Kalif Piros GG;;;;Padlizsán 5kg
CAPSICUM CAL. RED I ;Kalif Piros I;;;;Ribizli 8*125
CAPSICUM CAL. RED I 5KG;Kalif Piros I 5kg;;;;Snack uborka 12*250
CAPSICUM CAL. RED I G;Kalif Piros I G;;;;Spárga 10*500
CAPSICUM CAL. RED I GG;Kalif Piros I GG;;;;Szilva 5kg
CAPSICUM CAL. RED I M;Kalif Piros I M;;;;Sz?l? 10*400
CAPSICUM CAL. RED II;Kalif Piros II;;;;Berry Mix 650g
CAPSICUM CAL. RED LOOSE 5KG ;Kalif Piros 5kg;;;;Bio Áfonya 12*125
CAPSICUM CAL. RED STD;Kalif Piros STD;;;;Szeder 12*125
CAPSICUM CAL. RED STD G;Kalif Piros STD G;;;;Bio ?szibarack 4*500
CAPSICUM CAL. RED STD G/GG;Kalif Piros STD G/GG;;;;Nektarin 10*500 (Sárga)
CAPSICUM CAL. RED STD GG;Kalif Piros STD GG;;;;Sárgabarack 5kg
CAPSICUM CAL. RED STD M;Kalif Piros STD M;;;;Sárgabarack 10*500
CAPSICUM CAL. TRICOLOR 10*500GR;Kalif Trikolor 10*500;;;;Sárgadinnye 5kg
CAPSICUM CAL. TRICOLOR 16*500GR;Kalif Trikolor 16*500;;;;Paradicsom 10*500
CAPSICUM CAL. TRICOLOR 6*500GR (IFCO);Kalif Trikolor 6*500 (IFCO);;;;Bio Nektarin 4*500
CAPSICUM CAL. YELLOW ;Kalif Sárga;;;;Sárgadinnye Gália 7db
CAPSICUM CAL. YELLOW I;Kalif Sárga I;;;;?szibarack 10*1kg (Sárga)
CAPSICUM CAL. YELLOW I GG;Kalif Sárga I GG;;;;?szibarack 10*1kg (Fehér)
CAPSICUM CAL. YELLOW I M;Kalif Sárga I M;;;;Koktél 10*500
CAPSICUM CAL. YELLOW II;Kalif Sárga II;;;;?szibarack 7kg (Fehér)
CAPSICUM CAL. YELLOW STD;Kalif Sárga STD  ;;;;Nektarin 7kg (A 67/73)(Sárga)
CAPSICUM CAL. YELLOW STD G/GG;Kalif Sárga STD G/GG;;;;Nektarin 7kg (B 61/67)(Sárga)
CAPSICUM CORNO WHITE (BAG);Tv Paprika (Zsákos);;;;?szibarack 7kg (B 61/67)(Sárga)
CAPSICUM CORNO WHITE 10*500GR;Tv Paprika 10*500;;;;Nektarin 7kg (A 67/73)(Fehér)
CAPSICUM CORNO WHITE I (BAG);Tv Paprika I (Zsákos);;;;Nektarin 7kg (B 61/67)(Fehér)
CAPSICUM CORNO WHITE I 10*500GR;Tv Paprika I 10*500;;;;?szibarack 7kg (B 61/67)(Fehér)
CAPSICUM CORNO WHITE I LOOSE ;Tv Paprika I;;;;?szibarack 7kg (A 67/73)(Sárga)
CAPSICUM CORNO WHITE I LOOSE 5KG;Tv Paprika I 5kg;;;;?szibarack 7kg (A 67/73)(Fehér)
CAPSICUM CORNO WHITE II ;Tv Paprika II;;;;Szilva 10*500
CAPSICUM CORNO WHITE II (BAG);Tv Paprika II (Zsákos);;;;Bio Laposbarack 4*500
CAPSICUM CORNO WHITE II (PLASTIC);Tv Paprika II PL;;;;Bio Szilva 4*500 (Fekete)
CAPSICUM CORNO WHITE LOOSE ;Tv Paprika ;;;;Bio Szilva 4*500 (Sárga)
CAPSICUM CORNO WHITE STD;Tv Paprika STD;;;;?szibarack 7kg (AA 73/80)(Sárga)
CAPSICUM CORNO WHITE STD (PLASTIC);Tv Paprika STD PL;;;;?szibarack 7kg (AA 73/80)(Fehér)
CAPSICUM KAPIA (BAG);Kápia (Zsákos);;;;Nektarin 7kg (AA 73/80)(Sárga)
CAPSICUM KAPIA 10*500GR;Kápia 10*500;;;;Nektarin 7kg (AA 73/80)(Fehér)
CAPSICUM KAPIA I;Kápia I;;;;Bio Körte 4*500
CAPSICUM KAPIA I (BAG);Kápia I (Zsákos);;;;Gránátalma 12db
CAPSICUM KAPIA I 10*500GR;Kápia I 10*500;;;;Süt?tök 8db
CAPSICUM KAPIA I 5KG;Kápia I 5kg;;;;Süt?tök 8*1kg
CAPSICUM KAPIA II;Kápia II;;;;Bio Khaki 7*500
CAPSICUM KAPIA LOOSE;Kápia ;;;;Bio Alma 6*750
CAPSICUM KAPIA LOOSE 5KG;Kápia 5kg;;;;Édesburgonya 5kg
CAPSICUM KAPIA STD;Kápia STD;;;;Khaki 14db
CAPSICUM PADRON;Padron ;;;;Gránátalma 10db
CAPSICUM PALERMO 5KG;Palermo 5kg;;;;Csoki Narancs 5*1kg
CAPSICUM PALERMO I ;Palermo I;;;;Bio Alma 6*750
CAPSICUM PALERMO I (PLASTIC);Palermo I PL;;;;Bio Brokkoli 6*500
CAPSICUM PALERMO I GG 4KG;Palermo I GG 4kg;;;;Áfonya 12*300
CAPSICUM PALERMO II ;Palermo II;;;;Eper 10*250
CAPSICUM PALERMO PACKAGE 12*300GR;Palermo 12*300;;;;Cukkini 3kg
CAPSICUM PALERMO RED I (BAG);Palermo I (Zsákos);;;;Bio Avokádó 8db
CAPSICUM PALERMO RED LOOSE;Palermo;;;;Áfonya 10*200
CAPSICUM PALERMO RED LOOSE (PLASTIC);Palermo PL;;;;Mini répa 30*200
CAPSICUM PALERMO RED LOOSE 10,5KG;Palermo 10,5kg;;;;?szibarack 4kg (Sárga)
CAPSICUM PALERMO RED LOOSE 4KG;Palermo 4kg;;;;?szibarack 10*500 (Sárga)
CAPSICUM PALERMO RED LOOSE 9KG;Palermo 9kg;;;;Nektarin 4kg (Sárga)
CAPSICUM PALERMO STD ;Palermo STD;;;;Nektarin 10*500 (Sárga)
CAPSICUM PALERMO STD (PLASTIC);Palermo STD PL;;;;
CAPSICUM PALERMO STD 4KG;Palermo STD 4kg;;;;
CAPSICUM PALERMO STD 5KG;Palermo STD 5kg;;;;
CAPSICUM PALERMO STD 7KG;Palermo STD 7kg;;;;
CAPSICUM PALERMO YELLOW;Palermo Sárga;;;;
CAPSICUM SPICY GREEN ;Hegyeser?s;;;;
CAPSICUM SPICY GREEN (BAG);Hegyeser?s (Zsákos);;;;
CAPSICUM SPICY GREEN I ;Hegyeser?s I;;;;
CAPSICUM SPICY GREEN I (BAG);Hegyeser?s I (Zsákos);;;;
CAPSICUM SPICY GREEN II ;Hegyeser?s II;;;;
CAPSICUM SPICY GREEN II (PLASTIC);Hegyeser?s II PL;;;;
CAPSICUM SPICY GREEN STD;Hegyeser?s STD;;;;
CAPSICUM SPICY GREEN STD (PLASTIC);Hegyeser?s STD PL;;;;
CAPSICUM SPICY RED;Chili;;;;
CAPSICUM SPICY WHITE I;Hegyeser?s;;;;
CASAS ROYES ;CASAS ROYES ;;;;
CAULIFLOWER;Karfiol;;;;
CAULIFLOWER 6PZS;Karfiol 6db;;;;
CAULIFLOWER 8PZS;Karfiol 8db;;;;
CELERY 10*500GR;Szárzeller 10*500;;;;
CELERY 6*500GR IFCO;Szárzeller 6*500 (IFCO);;;;
CHESTNUT;Gesztenye;;;;
CORD;CORD;;;;
COURGETTE ;Cukkini;;;;
COURGETTE I ;Cukkini I;;;;
COURGETTE I (PLASTIC);Cukkini I PL;;;;
COURGETTE I (WOOD);Cukkini I (FA);;;;
COURGETTE I M;Cukkini I M;;;;
COURGETTE I M (PLASTIC);Cukkini I M PL;;;;
COURGETTE II;Cukkini II;;;;
COURGETTE II (PLASTIC);Cukkini II PL;;;;
COURGETTE STD;Cukkini STD;;;;
COURGETTE STD (PLASTIC);Cukkini STD PL;;;;
COURGETTE STD 6KG;Cukkini STD 6kg;;;;
CUCUMBER DUTCH;Kígyóuborka;;;;
CUCUMBER DUTCH (KALODA);Kígyóuborka (Kaloda);;;;
CUCUMBER DUTCH (PLASTIC);Kígyóuborka PL;;;;
CUCUMBER DUTCH 10KG;Kígyóuborka 10kg;;;;
CUCUMBER DUTCH FILM;Kígyóuborka …...db;;;;
CUCUMBER DUTCH FILM 12PZS;Kígyóuborka 12db;;;;
CUCUMBER DUTCH FILM 14PZS;Kígyóuborka 14db;;;;
CUCUMBER DUTCH FILM 16PZS;Kígyóuborka 16db;;;;
CUCUMBER DUTCH FILM 18PZS;Kígyóuborka 18db;;;;
CUCUMBER DUTCH I (PLASTIC);Kígyóuborka I PL;;;;
CUCUMBER DUTCH I FILM;Kígyóuborka I …...db;;;;
CUCUMBER DUTCH I FILM 12PZS;Kígyóuborka I 12db;;;;
CUCUMBER DUTCH I FILM 14PZS;Kígyóuborka I 14db;;;;
CUCUMBER DUTCH I FILM 14PZS (IFCO);Kígyóuborka I 14db (IFCO);;;;
CUCUMBER DUTCH I FILM 15KG;Kígyóuborka I 15kg;;;;
CUCUMBER DUTCH I FILM 16PZS;Kígyóuborka I 16db;;;;
CUCUMBER DUTCH I FILM 18PZS;Kígyóuborka I 18db;;;;
CUCUMBER DUTCH I FILM 28PZS;Kígyóuborka I 26db;;;;
CUCUMBER DUTCH II;Kígyóuborka II;;;;
CUCUMBER DUTCH STD FILM;Kígyóuborka STD …...db;;;;
CUCUMBER DUTCH STD FILM 12/14/16PZS;Kígyóuborka STD 12/14/16db;;;;
CUCUMBER DUTCH STD FILM 12PZS;Kígyóuborka STD 12db;;;;
CUCUMBER DUTCH STD FILM 14PZS;Kígyóuborka STD 14db;;;;
CUCUMBER DUTCH STD FILM 15KG;Kígyóuborka STD 15kg;;;;
CUCUMBER DUTCH STD FILM 16PZS;Kígyóuborka STD 16db;;;;
CUCUMBER DUTCH STD FILM 17PZS;Kígyóuborka STD 17db;;;;
CUCUMBER DUTCH STD FILM 18PZS;Kígyóuborka STD 18db;;;;
CUCUMBER FRENCH ;Fürtös Uborka;;;;
CUCUMBER FRENCH (PLASTIC);Fürtös Uborka PL;;;;
CUCUMBER FRENCH I;Fürtös Uborka I;;;;
CUCUMBER FRENCH I (PLASTIC);Fürtös Uborka I PL;;;;
CUCUMBER FRENCH I M;Fürtös Uborka I M;;;;
CUCUMBER SPANISH;Fürtös Uborka;;;;
FRUBALMED;FRUBALMED;;;;
GARLIC LOOSE 20KG;Fokhagyma 20kg;;;;
GARLIC LOOSE 20KG 50MM+;Fokhagyma 20kg 50mm+;;;;
GARLIC LOOSE 20KG 55MM+;Fokhagyma 20kg 55mm+;;;;
GARLIC LOOSE 20KG 65MM+;Fokhagyma 20kg 65mm+;;;;
GLOBAL BERRY ;GLOBAL BERRY ;;;;
GRAPE;Sz?l?;;;;
GRAPE CANDY CRUNCH ;Vattacukor Sz?l?;;;;
GRAPE CANDY CRUNCH 10*400GR;Vattacukor Sz?l? 10*400;;;;
GRAPE MIX 10*500GR;Sz?l? Mix 10*500;;;;
GRAPE MIX LOOSE;Sz?l? Mix  ;;;;
GRAPEFRUIT;Grapefruit;;;;
GYÜMÖLCSÉRT;GYÜMÖLCSÉRT;;;;
IDEAL FRUITS ;IDEAL FRUITS ;;;;
KHAKI;Khaki szilva;;;;
KHAKI 10*1kg;Khaki szilva 10*1kg;;;;
KHAKI 10*500GR;Khaki szilva 10*500;;;;
KHAKI 10KG (PLASTIC);Khaki szilva 10kg;;;;
KHAKI 1LAYER 12PZS;Khaki szilva sorolt 12db;;;;
KHAKI 1LAYER 16PZS;Khaki szilva sorolt 16db;;;;
KHAKI 1LAYER 18PZS;Khaki szilva sorolt 18db;;;;
KHAKI 1LAYER 26PZS;Khaki szilva sorolt 26db;;;;
KHAKI LOOSE 13KG;Khaki szilva 13kg;;;;
KIWI 30PZS;Kiwi 30db;;;;
KÓNYA;KÓNYA;;;;
KOPFSALAT;KOPFSALAT;;;;
LEEK;Póréhagyma ;;;;
LEMON 10*400GR;Citrom 10*400;;;;
LEMON LOOSE;Citrom ;;;;
LEMON STD ;Citrom STD;;;;
LETTUCE ICEBERG ;Jégsaláta ;;;;
LETTUCE ICEBERG 10PZS;Jégsaláta 10db;;;;
LETTUCE ICEBERG 9PZS;Jégsaláta 9db;;;;
MANDARIN (PLASTIC);Mandarin PL;;;;
MANDARIN 10*900GR;Mandarin 10*900;;;;
MANDARIN 10KG SIZE 3/4;Mandarin 10kg 3/4;;;;
MANDARIN 10KG SIZE 4/5;Mandarin 10kg 4/5;;;;
MANDARIN 10KG SIZE 5;Mandarin 10kg 5;;;;
MANDARIN 2,3KG ;Mandarin 2,3kg;;;;
MANDARIN LOOSE ;Mandarin ;;;;
MANDARIN LOOSE 10KG;Mandarin 10kg;;;;
MANDARIN LOOSE SIZE 4;Mandarin 4;;;;
MANDARIN SIZE 1/2;Mandarin 1/2;;;;
MANDARIN STD;Mandarin STD;;;;
MANDARIN STD 10KG;Mandarin STD 10KG;;;;
MANDARIN YUTA 8*1,5KG;Mandarin 8*1,5;;;;
MANGO 9PZS;Mangó 9db;;;;
MELON CANTALUP;Sárgadinnye Cantalup;;;;
MELON CANTALUP 4PZS;Sárgadinnye Cantalup 4db;;;;
MELON CANTALUP 6PZS;Sárgadinnye Cantalup 6db;;;;
MELON GALIA (PLASTIC);Sárgadinnye Gália PL;;;;
MELON GALIA 4PZS;Sárgadinnye Gália 4db;;;;
MELON GALIA 5PZS;Sárgadinnye Gália 5db;;;;
MELON GALIA STD;Gália STD;;;;
MELON GALIA STD;Sárgadinnye Gália STD;;;;
NECTARIN 10*1KG;Nektarin 10*1kg;;;;
NECTARIN 1LAYER;Nektarin sorolt;;;;
NECTARIN 7KG;Nektarin 7kg;;;;
NECTARIN 7KG (A);Nektarin 7kg A;;;;
NECTARIN 7KG (AA);Nektarin 7kg AA;;;;
NECTARIN LOOSE (PLASTIC);Nektarin 7kg PL;;;;
NECTARIN LOOSE (WOOD);Nektarin 7kg (FA);;;;
NECTARIN WHITE 10*1KG;Nektarin 10*1kg (Fehér);;;;
NECTARIN WHITE LOOSE;Nektarin (Fehér);;;;
NECTARIN WHITE LOOSE (PLASTIC);Nektarin PL (Fehér);;;;
NECTARIN YELLOW 10*1KG;Nektarin 10*1kg (Sárga);;;;
NECTARIN YELLOW 1LAYER 20PZS;Nektarin Sorolt 20db (Sárga);;;;
NECTARIN YELLOW 1LAYER 22PZS;Nektarin sorolt 22db (Sárga);;;;
NECTARIN YELLOW 1LAYER 24PZS;Nektarin sorolt 24db (Sárga);;;;
NECTARIN YELLOW 1LAYER 26PZS;Nektarin sorolt 26db (Sárga);;;;
NECTARIN YELLOW 1LAYER 30PZS;Nektarin sorolt 30db (Sárga);;;;
NECTARIN YELLOW 1LAYER 32PZS;Nektarin Sorolt 32db (Sárga);;;;
NECTARIN YELLOW 1LAYER A/AA;Nektarin sorolt A/AA (Sárga);;;;
NECTARIN YELLOW LOOSE;Nektarin (Sárga);;;;
NECTARIN YELLOW LOOSE (PLASTIC);Nektarin PL (Sárga);;;;
NECTARIN YELLOW LOOSE (WOOD);Nektarin PL (FA)(Sárga);;;;
NECTARIN YELLOW LOOSE 7KG;Nektarin 7kg (Sárga);;;;
NECTARIN YELLOW STD LOOSE 10KG;Nektarin 10kg (Sárga);;;;
NECTARIN YELLOW STD LOOSE 10KG (PL);Nektarin 10kg PL (Sárga);;;;
ONION;Hagyma;;;;
ORANGE ;Narancs;;;;
ORANGE 10*2KG;Narancs 10*2kg;;;;
ORANGE 12 KG SIZE 2/4;Narancs 12kg 2/4;;;;
ORANGE 12 KG SIZE 5/6;Narancs 12kg 5/6;;;;
ORANGE 12KG;Narancs 12kg;;;;
ORANGE 15KG;Narancs 15kg;;;;
ORANGE 16KG;Narancs 16kg;;;;
ORANGE 5*2KG;Narancs 5*2kg;;;;
ORANGE 9,17KG;Narancs 9,17kg;;;;
ORANGE 9KG;Narancs 9kg;;;;
ORANGE SIZE 5/6;Narancs 5/6;;;;
ORANGE SIZE 6/7;Narancs 6/7;;;;
ORANGE STD;Narancs STD;;;;
ORANGE STD 12KG;Narancs STD 12kg;;;;
ORANGE STD SIZE 3/4;Narancs STD 3/4;;;;
ORANGE STD SIZE 4;Narancs STD 4;;;;
ORANGE STD SIZE 5/7;Narancs STD 5/7;;;;
PARAGUAYO 10*500GR;Laposbarack 10*500;;;;
PARAGUAYO LOOSE;Laposbarack;;;;
PARAGUAYO LOOSE (WOOD);Laposbarack (FA);;;;
PARAGUAYO LOOSE 5KG;Laposbarack 5kg;;;;
PARAGUAYO LOOSE 5KG A/B;Laposbarack 5kg A/B;;;;
PARAGUAYO LOOSE 5KG B;Laposbarack 5kg B;;;;
PARAGUAYO STD 10KG;Laposbarack STD 10kg;;;;
PEACH 10*1KG;?szibarack 10*1kg;;;;
PEACH 1LAYER;?szibarack sorolt;;;;
PEACH 1LAYER 26PZS;?szibarack sorolt 26db;;;;
PEACH LOOSE 7KG;?szibarack 7kg;;;;
PEACH RED 1LAYER;?szibarack sorolt (Sárga);;;;
PEACH RED 1LAYER 26PZS;?szibarack sorolt 26db (Sárga);;;;
PEACH RED 1LAYER 30PZS;?szibarack sorolt 30db (Sárga);;;;
PEACH RED LOOSE;?szibarack (Sárga);;;;
PEACH RED LOOSE (WOOD);?szibarack (Fa)(Sárga);;;;
PEACH STD;?szibarack STD;;;;
PEACH STD 10KG;?szibarack STD 10kg;;;;
PEACH WHITE 10*1KG;?szibarack 10*1kg (Fehér);;;;
PEACH WHITE LOOSE 7KG;?szibarack 7kg (Fehér);;;;
PEACH WHITE STD 10KG;?szibarack STD 10kg (Fehér);;;;
PEACH YELLOW 1 LAYER;?szibarack sorolt (Sárga);;;;
PEACH YELLOW 10*1KG;?szibarack 10*1kg (Sárga);;;;
PEACH YELLOW 10*500GR;?szibarack 10*500 (Sárga);;;;
PEACH YELLOW STD;?szibarack STD (Sárga);;;;
PEACH YELLOW STD 10KG;?szibarack STD 10kg (Sárga);;;;
PEACH YELLOW STD 10KG (WOOD);?szibarack STD (FA)(Sárga);;;;
PEAR 1LAYER;Körte sorolt;;;;
PEAR LIMONERA;Körte Limonera;;;;
PEAR LIMONERA 10KG;Körte Limonera 10kg;;;;
PEAR LIMONERA 4,5KG;Körte Limonera 4,5kg;;;;
PEAR LIMONERA 9KG;Körte Limonera 9kg;;;;
PEAR LIMONERA STD;Körte Limonera STD;;;;
PEAR LOOSE;Körte ;;;;
PEAR LOOSE (PLASTIC);Körte PL;;;;
PEAR LOOSE (WOOD);Körte (FA);;;;
PEAR LOOSE 10KG (PLASTIC);Körte 10kg PL;;;;
PEAR LOOSE 13KG;Körte 13kg ;;;;
PEAR LOOSE 4,5KG;Körte 4,5kg ;;;;
PEAR LOOSE 4KG;Körte 4kg ;;;;
PEAR LOOSE 5KG;Körte 5kg ;;;;
PEAR LOOSE 7KG;Körte 7kg ;;;;
PEAR LOOSE 9KG;Körte 9kg ;;;;
PLATERINA LOOSE;Lapos Nektarin ;;;;
PLATERINA LOOSE (PLASTIC);Lapos Nektarin PL;;;;
PLATERINA LOOSE A;Lapos Nektarin A;;;;
PLATERINA LOOSE AA;Lapos Nektarin AA;;;;
PLATERINA LOOSE AAA;Lapos Nektarin AAA;;;;
PLATERINA LOOSE AAAA;Lapos Nektarin AAAA;;;;
PLATERINA LOOSE B;Lapos Nektarin B;;;;
PLUM;Szilva ;;;;
POMEGRANATE;Gránátalma;;;;
POMEGRANATE (PLASTIC);Gránátalma PL;;;;
POMEGRANATE 12PZS;Gránátalma 12db;;;;
POMEGRANATE 9PZS;Gránátalma 9db;;;;
POTATO;Burgonya;;;;
POTATO YELLOW;Burgonya Sárga;;;;
RASPBERRY;Málna ;;;;
RASPBERRY 12*125GR ;Málna 12*125;;;;
RASPBERRY 12*170GR;Málna 12*170;;;;
SPAR CRO;SPAR CRO;;;;
SPAR HU;SPAR HU;;;;
SPAR HU BICSKE;SPAR HU BICSKE;;;;
SPAR HU ÜLL?;SPAR HU ÜLL?;;;;
SPAR SLO;SPAR SLO;;;;
STRAWBERRY ;Eper ;;;;
STRAWBERRY 10*250GR;Eper 10*250;;;;
STRAWBERRY 10*500GR;Eper 10*500;;;;
STRAWBERRY 12*400GR;Eper 12*400;;;;
STRAWBERRY 16*250GR;Eper 16*250;;;;
STRAWBERRY LOOSE 1KG;Eper 1kg;;;;
STRAWBERRY LOOSE 2KG;Eper 2kg;;;;
SWEET POTATO;Édesburgonya;;;;
TESCO HU;TESCO HU;;;;
TESCO SK;TESCO SK;;;;
TOM. BUNCH;Fürtös Paradicsom;;;;
TOM. BUNCH I ;Fürtös Paradicsom I;;;;
TOM. BUNCH I C;Fürtös Paradicsom I C;;;;
TOM. BUNCH I M;Fürtös Paradicsom I M;;;;
TOM. BUNCH I MM;Fürtös Paradicsom I 2M;;;;
TOM. BUNCH STD C;Fürtös Paradicsom STD C;;;;
TOM. CHERRY (PLASTIC);Koktél PL;;;;
TOM. CHERRY BUNCH (PLASTIC);Fürtös Koktél  PL;;;;
TOM. CHERRY BUNCH I ;Fürtös Koktél I;;;;
TOM. CHERRY BUNCH I (PLASTIC);Fürtös Koktél I PL;;;;
TOM. CHERRY BUNCH LOOSE;Fürtös Koktél ;;;;
TOM. CHERRY BUNCH LOOSE (PLASTIC);Fürtös Koktél PL;;;;
TOM. CHERRY BUNCH PACKAGE 10*500GR;Fürtös Koktél 10*500;;;;
TOM. CHERRY BUNCH STD;Fürtös Koktél STD;;;;
TOM. CHERRY BUNCH STD (PLASTIC);Fürtös Koktél STD PL;;;;
TOM. CHERRY PEAR BUNCH (PLASTIC);Fürtös Szilva Koktél PL;;;;
TOM. CHERRY PEAR BUNCH I ;Fürtös Szilva Koktél I;;;;
TOM. CHERRY PEAR BUNCH I (PLASTIC);Fürtös Szilva Koktél I PL;;;;
TOM. CHERRY PEAR BUNCH LOOSE;Fürtös Szilva Koktél ;;;;
TOM. CHERRY PEAR LOOSE;Koktél Szilva ;;;;
TOM. CHERRY PEAR PACKAGE 10*500GR;Koktél Szilva 10*500;;;;
TOM. CHERRY PEAR PACKAGE 12*250GR;Koktél Szilva 12*250;;;;
TOM. CHERRY PEAR PACKAGE 9*250GR;Koktél Szilva 9*250;;;;
TOM. CHERRY PEAR SNACK 12*250GR;Koktél Szilva 12*250 (Poharas);;;;
TOM. CHERRY PEAR TRIANGLE 12*250GR;Koktél Szilva 12*250 (Háromszög);;;;
TOM. CHERRY PEAR TRIANGLE YELLOW 12*250GR;Koktél Szilva sárga 12*250 (Háromszög);;;;
TOM. CHERRY ROUND 12*250GR;Koktél 12*250;;;;
TOM. CHERRY ROUND 9*250GR;Koktél 9*250;;;;
TOM. CHERRY ROUND LOOSE;Koktél ;;;;
TOM. CHERRY ROUND TRIANGLE 12*250GR;Koktél 12*250 (Háromszög);;;;
TOM. LONGLIFE I M ;Paradicsom I M;;;;
TOM. LONGLIFE I MM;Paradicsom I 2M;;;;
TOM. LONGLIFE STD M;Paradicsom STD M;;;;
TOM. LONGLIFE STD MM;Paradicsom STD 2M;;;;
TOM. PACKAGE 10*1KG;Paradicsom 10*1kg;;;;
TOM. PEAR ;Pear Paradicsom ;;;;
TOM. PEAR I M;Pear Paradicsom I M;;;;
TOM. PEAR I MM;Pear Paradicsom I 2M;;;;
TOM. PEAR I MMM;Pear Paradicsom I 3M;;;;
TOM. PEAR I MMM (WOOD);Pear Paradicsom I 3M (FA);;;;
TOM. PEAR PACKAGE 10*1KG;Pear Paradicsom 10*1kg;;;;
TOM. PEAR PACKAGE 10*500GR;Pear Paradicsom 10*500;;;;
TOM. PEAR STD;Pear Paradicsom STD;;;;
TOM. PEAR STD M;Pear Paradicsom STD M;;;;
TOM. PEAR STD MM;Pear Paradicsom STD 2M;;;;
TOM. PEAR STD MM/MMM;Pear Paradicsom STD 2M/3M;;;;
TOM. PEAR STD MMM;Pear Paradicsom STD 3M;;;;
TOM. PINK;Paradicsom Pink;;;;
TOM. PINK I;Paradicsom Pink I;;;;
TOM. PINK I G;Paradicsom Pink I G;;;;
TOM. PINK M;Paradicsom Pink M;;;;
TOM. PINK STD G;Paradicsom Pink STD G;;;;
TOMATO ASURCADO;Paradicsom Asurcado;;;;
TOMATO MONTEROSA;Monterosa;;;;
TOMATO MONTEROSA 6KG;Monterosa 6kg;;;;
TOMATO MONTEROSA STD ;Monterosa STD;;;;
TOMATO MONTEROSE 3KG;Monterosa 3kg;;;;
TOMATO REBELLION;Paradicsom Rebellion ;;;;
TOMATO REBELLION I G;Paradicsom Rebellion I G;;;;
TOMATO SAN ROQUE;Paradicsom San Roque;;;;
WATERMELON 8-10KG;Görögdinnye 8-10kg;;;;
WATERMELON 10KG+;Görögdinnye 8-10kg+;;;;
WRAPPING;WRAPPING;;;;
WATERMELON 180KG;Görögdinnye 180kg;;;;
MELON GALIA 7PZS;Sárgadinnye Gália 7db;;;;
WATERMELON KALODA;Görögdinnye Kaloda;;;;
NECTARIN 10*500GR;Nektarin 10*500;;;;
PENNY;Penny;;;;
NECTARIN YELLOW 4KG;Nektarin 4kg (Sárga);;;;
NECTARIN WHITE 10*500GR ;Nektarin 10*500 (Fehér);;;;
NECTARIN YELLOW 10*500GR ;Nektarin 10*500 (Sárga);;;;
CHERRY 10*500GR;Cseresznye 10*500;;;;
NECTARIN WHITE LOOSE 7KG;Nektarin 7kg (Fehér);;;;
CAPSICUM CAL. RED I 5KG IFCO;Kalif Piros 5kg (IFCO);;;;
CAPSICUM PALERMO PACKAGE 12*400GR;Palermo 12*400;;;;
CUCUMBER DUTCH FILM 26PZS;Kígyóuborka 26db;;;;
PEACH RED 10*1KG;?szibarack 10*1kg;;;;
NECTARIN YELLOW STD 10 KG (WOOD);Nektarin Sárga STD 10kg;;;;
NECTARIN YELLOW STD 12 KG (WOOD);Nektarin Sárga STD 12kg;;;;
NECTARIN YELLOW 1 LAYER;Nektarin Sorolt (Sárga);;;;
SYLVAN;Sylvan;;;;
NECTARIN YELLOW 1 LAYER;Nektarin sorolt (Sárga);;;;
APRICOT LOOSE AAA;Sárgabarack 3A;;;;
APRICOT LOOSE 10KG (PLASTIC);Sárgabarack 10kg PL;;;;
APRICOT LOOSE 10KG;Sárgabarack 10kg ;;;;
PEACH RED LOOSE 10KG;?szibarack 10kg (Sárga);;;;
PEACH RED LOOSE 7 KG;?szibarack 7kg (Sárga);;;;
PEACH RED 1LAYER 28PZS;?szibarack sorolt 28db (Sárga);;;;
MELON PIEL DE SAPO;Piel de sapo;;;;
NECTARIN WHITE 1LAYER 26PZS;Nektarin sorolt 26db (Fehér);;;;
PARAGUAYO 10*500GR IFCO;Laposbarack 10*500 (IFCO);;;;
NECTARIN YELLOW 10*1KG IFCO;Nektarin 10*1kg (Sárga)(IFCO);;;;
CELERY 10*500GR IFCO;Szárzeller 10*500 (IFCO);;;;
APRICOT LOOSE 5KG IFCO;Sárgabarack 5kg (IFCO);;;;
PEAR LOOSE 12KG IFCO;Körte 12kg (IFCO);;;;
PEAR LIMONERA 1LAYER;Körte sorolt;;;;
NECTARIN YELLOW STD 1LAYER;Nektarin STD sorolt (Sárga);;;;
PEACH RED 10*1KG IFCO;?szibarack 10*1kg (Sárga)(IFCO);;;;
NECTARIN YELLOW LOOSE 7KG IFCO;Nektarin 7kg (Sárga)(IFCO);;;;
PEACH RED LOOSE 7KG IFCO;?szibarack 7kg (Sárga)(IFCO);;;;
GRAPEFRUIT LOOSE 15KG;Grapefruit 15kg;;;;
LEMON LOOSE 15 KG;Citrom 15kg;;;;
PEACH WHITE 10*1KG IFCO;?szibarack 10*1kg (Fehér)(IFCO);;;;
PEACH WHITE LOOSE 7KG IFCO;?szibarack 7kg (Fehér)(IFCO);;;;
QUINCE 10KG;Birsalma 10kg;;;;
LIME;Lime;;;;
PARSLEY;Petrezselyem;;;;
CORIANDER;Koriander;;;;
MINT;Menta;;;;
SPINACH;Spenót;;;;
SWISS CHARD;Mángold;;;;
DILL;Kapor;;;;
ROMAINE LETTUCE;Római Saláta;;;;
ROSEMARY;Rozmaring;;;;
THYME;Kakukkf?;;;;
BASIL;Bazsalikom;;;;
CAPSICUM CORNO WHITE I PLASTIC;Tv Paprika I PL;;;;
PLODINE;PLODINE;;;;
PEAR LOOSE 12KG;Körte 12kg  ;;;;
PEAR LIMONERA 12KG;Körte 12kg  ;;;;
HERBS;;;;;
FLOWER;;;;;
PARSLEY X20;Petrezselyem X20;;;;
PARSLEY X40;Petrezselyem X40;;;;
PARSLEY X30;Petrezselyem X30;;;;
PEACH RED 1LAYER 40PZS;?szibarack sorolt 40db (Piros);;;;
